2	8.559063	2	8.619903
4	8.55837		4	8.61999
6	8.558163	6	8.619935
8	8.55791		8	8.619647
10	8.557809	10	8.619504
12	8.557928	12	8.619839
14	8.557523	14	8.619367
16	8.557333	16	8.618894
18	8.557392	18	8.619218
20	8.557097	20	8.61936
22	8.5568		22	8.619642
24	8.556553	24	8.619441
26	8.556246	26	8.61882
28	8.556354	28	8.618666
30	8.556009	30	8.618617
32	8.556292	32	8.618184
34	8.556866	34	8.617895
36	8.556537	36	8.618009
38	8.556196	38	8.617931
40	8.555839	40	8.617778
42	8.555999	42	8.617433
44	8.555707	44	8.617344
46	8.556015	46	8.617197
48	8.556191	48	8.617281
50	8.555855	50	8.616726
52	8.555191	52	8.616117
54	8.555031	54	8.615809
56	8.555215	56	8.615665
58	8.555508	58	8.615504
60	8.555201	60	8.615247
62	8.554541	62	8.614673
64	8.554639	64	8.614318
66	8.554749	66	8.614616
68	8.554962	68	8.614626
70	8.554729	70	8.614451
72	8.554613	72	8.613957
74	8.55464		74	8.613629
76	8.554632	76	8.613483
78	8.554442	78	8.613051
80	8.554352	80	8.61243
82	8.554576	82	8.612326
84	8.554346	84	8.612195
86	8.55376		86	8.611825
88	8.553666	88	8.611769
90	8.55357		90	8.611708
92	8.552943	92	8.61158
94	8.553016	94	8.611163
96	8.553264	96	8.611354
98	8.552977	98	8.610766
100	8.553201	100	8.610479
102	8.553121	102	8.610168
104	8.553131	104	8.609754
106	8.553419	106	8.609478
108	8.553099	108	8.609214
110	8.553129	110	8.609245
112	8.553107	112	8.609106
114	8.553054	114	8.608658
116	8.552981	116	8.608069
118	8.552669	118	8.607315
120	8.552217	120	8.607291
122	8.552256	122	8.606988
124	8.551959	124	8.606682
126	8.551916	126	8.606618
128	8.551736	128	8.606437
130	8.551617	130	8.606346
132	8.551254	132	8.606282
134	8.551214	134	8.606004
136	8.551689	136	8.605433
138	8.551448	138	8.60515
140	8.551022	140	8.605087
142	8.55057		142	8.604467
144	8.550484	144	8.604269
146	8.550496	146	8.604218
148	8.550729	148	8.604045
150	8.550599	150	8.603902
152	8.55005		152	8.603057
154	8.549562	154	8.602793
156	8.547985	156	8.601498
158	8.544844	158	8.596663
160	8.544744	160	8.588088
162	8.555648	162	8.577861
164	8.577361	164	8.568571
166	8.603208	166	8.561343
168	8.627195	168	8.556114
170	8.648512	170	8.551662
172	8.665554	172	8.548384
174	8.677196	174	8.546118
176	8.684005	176	8.544096
178	8.687692	178	8.542758
180	8.68883		180	8.541365
182	8.688443	182	8.539873
184	8.68681		184	8.538885
186	8.684171	186	8.5381
188	8.680771	188	8.537807
190	8.677369	190	8.537076
192	8.673869	192	8.536619
194	8.669659	194	8.536017
196	8.6656		196	8.535308
198	8.661664	198	8.534667
200	8.658273	200	8.534176
202	8.654797	202	8.533801
204	8.651408	204	8.533385
206	8.647448	206	8.533273
208	8.644097	208	8.533135
210	8.641344	210	8.533152
212	8.638206	212	8.53289
214	8.634337	214	8.531972
216	8.628943	216	8.528345
218	8.625655	218	8.520153
220	8.630493	220	8.50823
222	8.649722	222	8.493717
224	8.682417	224	8.477845
226	8.724954	226	8.461519
228	8.776286	228	8.44671
230	8.833811	230	8.433462
232	8.894006	232	8.42127
234	8.954902	234	8.41014
236	9.015415	236	8.400222
238	9.075571	238	8.391006
240	9.134302	240	8.38311
242	9.190885	242	8.375692
244	9.246231	244	8.368515
246	9.300654	246	8.362121
248	9.353223	248	8.355551
250	9.404607	250	8.349617
252	9.45472		252	8.345042
254	9.503631	254	8.340504
256	9.55111		256	8.336123
258	9.597549	258	8.332283
260	9.642223	260	8.329124
262	9.685371	262	8.326392
264	9.727566	264	8.323251
266	9.76838		266	8.320028
268	9.807541	268	8.317408
270	9.844809	270	8.314636
272	9.881194	272	8.312245
274	9.916579	274	8.310308
276	9.95021		276	8.307798
278	9.982259	278	8.305396
280	10.013157	280	8.303431
282	10.042745	282	8.301644
284	10.071177	284	8.29863
286	10.097458	286	8.296185
288	10.122763	288	8.294115
290	10.147506	290	8.291638
292	10.1711		292	8.28894
294	10.193572	294	8.28636
296	10.214497	296	8.284705
298	10.234525	298	8.282507
300	10.253038	300	8.280018
302	10.270883	302	8.277975
304	10.288663	304	8.275828
306	10.304894	306	8.273057
308	10.3201		308	8.269936
310	10.334693	310	8.267291
312	10.348636	312	8.264913
314	10.361658	314	8.262279
316	10.373508	316	8.259838
318	10.385425	318	8.257809
320	10.395874	320	8.255917
322	10.405661	322	8.253491
324	10.415265	324	8.250819
326	10.423512	326	8.24858
328	10.431403	328	8.245999
330	10.439178	330	8.242738
332	10.446287	332	8.240415
334	10.452954	334	8.238489
336	10.461405	336	8.238737
338	10.470441	338	8.241205
340	10.476225	340	8.244486
342	10.47832	342	8.24803
344	10.476609	344	8.250926
346	10.471469	346	8.253933
348	10.463081	348	8.25689
350	10.451429	350	8.259807
352	10.43733	352	8.262389
354	10.421129	354	8.265334
356	10.40274	356	8.267861
358	10.382637	358	8.270594
360	10.361632	360	8.272946
362	10.33995	362	8.275759
364	10.316594	364	8.278503
366	10.292557	366	8.28071
368	10.268542	368	8.283415
370	10.24384	370	8.286033
372	10.218875	372	8.28809
374	10.193107	374	8.290581
376	10.167387	376	8.293008
378	10.141116	378	8.295359
380	10.115111	380	8.297664
382	10.089233	382	8.300132
384	10.062688	384	8.302762
386	10.036419	386	8.305519
388	10.01017	388	8.307878
390	9.984078	390	8.310185
392	9.958095	392	8.312336
394	9.932262	394	8.31467
396	9.906022	396	8.316777
398	9.880586	398	8.318587
400	9.855635	400	8.32061
402	9.831043	402	8.322533
404	9.806377	404	8.324702
406	9.781657	406	8.326208
408	9.756981	408	8.328546
410	9.732545	410	8.330798
412	9.708952	412	8.33285
414	9.685573	414	8.334679
416	9.662183	416	8.336244
418	9.639494	418	8.338265
420	9.617101	420	8.339944
422	9.594912	422	8.341713
424	9.572597	424	8.343344
426	9.551005	426	8.345303
428	9.530058	428	8.346884
430	9.509297	430	8.348644
432	9.488767	432	8.350125
434	9.468647	434	8.35158
436	9.449285	436	8.35334
438	9.429828	438	8.354905
440	9.410705	440	8.356436
442	9.391877	442	8.3579
444	9.373345	444	8.359115
446	9.355437	446	8.360284
448	9.337776	448	8.361974
450	9.320253	450	8.36368
452	9.302592	452	8.364493
454	9.286258	454	8.365602
456	9.269839	456	8.367328
458	9.253463	458	8.36874
460	9.238104	460	8.369746
462	9.222061	462	8.370868
464	9.206305	464	8.371788
466	9.191279	466	8.372996
468	9.177039	468	8.37338
470	9.162949	470	8.374087
472	9.148899	472	8.375241
474	9.134596	474	8.376548
476	9.120845	476	8.377549
478	9.108038	478	8.378072
480	9.094927	480	8.378715
482	9.082266	482	8.379655
484	9.069979	484	8.380681
486	9.057618	486	8.381565
488	9.045666	488	8.381959
490	9.033673	490	8.383208
492	9.022209	492	8.384318
494	9.011163	494	8.384973
496	8.999662	496	8.385411
498	8.98871		498	8.386059
500	8.977868	500	8.386779
502	8.967319	502	8.387742
504	8.957153	504	8.388154
506	8.946981	506	8.388763
508	8.937092	508	8.389928
510	8.927548	510	8.390562
512	8.917961	512	8.390829
514	8.908806	514	8.391045
516	8.899597	516	8.39153
518	8.891087	518	8.392313
520	8.8827		520	8.393229
522	8.874269	522	8.394009
524	8.865818	524	8.394069
526	8.857167	526	8.394283
528	8.849254	528	8.394999
530	8.841654	530	8.395886
532	8.834499	532	8.396291
534	8.827163	534	8.396789
536	8.819464	536	8.397471
538	8.812065	538	8.39764
540	8.805122	540	8.397717
542	8.79822		542	8.398258
544	8.790943	544	8.398368
546	8.784578	546	8.39894
548	8.777939	548	8.399575
550	8.771839	550	8.399662
552	8.766066	552	8.399541
554	8.759997	554	8.399986
556	8.753772	556	8.400497
558	8.74792		558	8.401038
560	8.742377	560	8.401552
562	8.736449	562	8.401498
564	8.731051	564	8.401589
566	8.725772	566	8.401853
568	8.720596	568	8.402498
570	8.715175	570	8.402918
572	8.710052	572	8.402642
574	8.705394	574	8.402534
576	8.700287	576	8.402643
578	8.695678	578	8.40282
580	8.691358	580	8.403339
582	8.686752	582	8.403672
584	8.682441	584	8.403843
586	8.678375	586	8.40425
588	8.673713	588	8.404262
590	8.669242	590	8.404651
592	8.665147	592	8.404988
594	8.66152		594	8.405351
596	8.657808	596	8.405245
598	8.6537		598	8.40491
600	8.649811	600	8.405069
602	8.645963	602	8.405366
604	8.642525	604	8.405813
606	8.63879		606	8.406092
608	8.635426	608	8.406076
610	8.632442	610	8.40621
612	8.628813	612	8.406105
614	8.625447	614	8.406161
616	8.622376	616	8.406305
618	8.619429	618	8.406007
620	8.616379	620	8.406051
622	8.6131		622	8.406346
624	8.609929	624	8.406679
626	8.606978	626	8.406712
628	8.604002	628	8.407143
630	8.601459	630	8.407132
632	8.598999	632	8.406929
634	8.596168	634	8.407013
636	8.593703	636	8.406655
638	8.590964	638	8.406887
640	8.588009	640	8.407546
642	8.585918	642	8.407723
644	8.584053	644	8.407901
646	8.581635	646	8.407974
648	8.579017	648	8.407759
650	8.576258	650	8.408086
652	8.573721	652	8.408058
654	8.571849	654	8.408356
656	8.569685	656	8.408869
658	8.567554	658	8.408441
660	8.56625		660	8.407992
662	8.564282	662	8.408282
664	8.562161	664	8.408411
666	8.560079	666	8.408147
668	8.557836	668	8.408116
670	8.55593		670	8.408285
672	8.554119	672	8.408811
674	8.552095	674	8.408753
676	8.550822	676	8.408348
678	8.548933	678	8.408384
680	8.54702		680	8.408865
682	8.545226	682	8.408844
684	8.54364		684	8.408745
686	8.541873	686	8.408727
688	8.540445	688	8.408824
690	8.539108	690	8.408598
692	8.537953	692	8.408396
694	8.536483	694	8.408809
696	8.534859	696	8.409136
698	8.533391	698	8.409326
700	8.53169		700	8.409296
702	8.529832	702	8.408949
704	8.528441	704	8.409052
706	8.527225	706	8.4087
708	8.526163	708	8.408315
710	8.524931	710	8.408365
712	8.523398	712	8.40857
714	8.521917	714	8.408742
716	8.52062		716	8.408705
718	8.519274	718	8.408313
720	8.51787		720	8.408721
722	8.516667	722	8.408636
724	8.516179	724	8.40864
726	8.51534		726	8.408473
728	8.514082	728	8.408674
730	8.513157	730	8.40884
732	8.512065	732	8.40913
734	8.510707	734	8.409602
736	8.509438	736	8.409913
738	8.508649	738	8.409115
740	8.507637	740	8.408823
742	8.506343	742	8.408857
744	8.505438	744	8.409049
746	8.504663	746	8.409111
748	8.504079	748	8.409011
750	8.503382	750	8.408997
752	8.501866	752	8.409295
754	8.500726	754	8.409231
756	8.500124	756	8.409396
758	8.499752	758	8.409722
760	8.498735	760	8.409744
762	8.498022	762	8.409339
764	8.497156	764	8.408782
766	8.495979	766	8.408841
768	8.495319	768	8.408369
770	8.494438	770	8.407954
772	8.493538	772	8.408271
774	8.49236		774	8.408724
776	8.491636	776	8.408695
778	8.491031	778	8.408481
780	8.490337	780	8.408664
782	8.490041	782	8.408444
784	8.4893		784	8.408322
786	8.48868		786	8.408101
788	8.488154	788	8.408169
790	8.487466	790	8.408446
792	8.486913	792	8.408406
794	8.485907	794	8.408497
796	8.485204	796	8.408555
798	8.485024	798	8.409177
800	8.48397		800	8.409128
802	8.483158	802	8.408755
804	8.482699	804	8.408714
806	8.482102	806	8.408578
808	8.481615	808	8.408506
810	8.480971	810	8.408697
812	8.480185	812	8.408898
814	8.479018	814	8.408532
816	8.476261	816	8.406292
818	8.472455	818	8.40125
820	8.469129	820	8.394591
822	8.468317	822	8.386687
824	8.469729	824	8.378326
826	8.473723	826	8.369075
828	8.480326	828	8.360018
830	8.488928	830	8.351179
832	8.499533	832	8.342602
834	8.511598	834	8.334535
836	8.524934	836	8.326688
838	8.54013		838	8.319307
840	8.556164	840	8.313016
842	8.573165	842	8.307176
844	8.590605	844	8.301252
846	8.60907		846	8.295513
848	8.627866	848	8.290448
850	8.647335	850	8.285487
852	8.667083	852	8.280394
854	8.686885	854	8.27617
856	8.707445	856	8.271567
858	8.728753	858	8.267057
860	8.749823	860	8.262897
862	8.771003	862	8.258941
864	8.792724	864	8.255406
866	8.814332	866	8.251721
868	8.83612		868	8.248076
870	8.858279	870	8.244604
872	8.879686	872	8.241851
874	8.901262	874	8.238753
876	8.922317	876	8.235738
878	8.943131	878	8.232591
880	8.964095	880	8.229596
882	8.985038	882	8.226132
884	9.005425	884	8.22321
886	9.025833	886	8.220074
888	9.045632	888	8.217346
890	9.065049	890	8.213947
892	9.084017	892	8.210479
894	9.10322		894	8.207306
896	9.122025	896	8.204578
898	9.140733	898	8.201805
900	9.158007	900	8.198589
902	9.175145	902	8.1955
904	9.192239	904	8.192335
906	9.208911	906	8.189072
908	9.224759	908	8.186492
910	9.240041	910	8.183721
912	9.255183	912	8.18124
914	9.270355	914	8.178705
916	9.284839	916	8.175501
918	9.299552	918	8.172507
920	9.313275	920	8.169432
922	9.326322	922	8.166903
924	9.338636	924	8.164395
926	9.350781	926	8.161459
928	9.362817	928	8.158872
930	9.374149	930	8.156296
932	9.385489	932	8.153735
934	9.397132	934	8.151916
936	9.410153	936	8.151965
938	9.423237	938	8.153972
940	9.436375	940	8.156032
942	9.447823	942	8.158829
944	9.457945	944	8.161501
946	9.46584		946	8.164167
948	9.472547	948	8.166773
950	9.477759	950	8.169582
952	9.482147	952	8.172127
954	9.485232	954	8.174604
956	9.486841	956	8.177756
958	9.48765		958	8.180421
960	9.48825		960	8.182868
962	9.48743		962	8.184919
964	9.485632	964	8.186999
966	9.483363	966	8.190101
968	9.480604	968	8.193081
970	9.476849	970	8.19555
972	9.472879	972	8.197725
974	9.468778	974	8.200182
976	9.463395	976	8.202453
978	9.457804	978	8.204765
980	9.4524		980	8.207337
982	9.446112	982	8.209756
984	9.439525	984	8.211928
986	9.432869	986	8.214074
988	9.425789	988	8.21636
990	9.41883		990	8.218817
992	9.411407	992	8.221293
994	9.403663	994	8.223937
996	9.396033	996	8.226172
998	9.387984	998	8.228032
1000	9.37941		1000	8.230222
1002	9.370893	1002	8.232618
1004	9.362517	1004	8.235135
1006	9.353787	1006	8.237284
1008	9.3448		1008	8.239118
1010	9.33585		1010	8.241162
1012	9.326959	1012	8.243326
1014	9.318261	1014	8.245691
1016	9.309074	1016	8.247775
1018	9.299841	1018	8.249365
1020	9.290957	1020	8.251425
1022	9.282223	1022	8.253432
1024	9.272798	1024	8.25553
1026	9.263601	1026	8.257837
1028	9.254434	1028	8.259392
1030	9.245331	1030	8.261019
1032	9.23654		1032	8.263057
1034	9.227105	1034	8.264679
1036	9.217409	1036	8.266247
1038	9.208614	1038	8.267813
1040	9.199707	1040	8.269201
1042	9.190184	1042	8.271133
1044	9.181223	1044	8.272721
1046	9.172417	1046	8.274456
1048	9.163688	1048	8.27613
1050	9.155128	1050	8.277523
1052	9.146113	1052	8.279164
1054	9.137123	1054	8.280749
1056	9.128837	1056	8.282189
1058	9.12008		1058	8.283169
1060	9.111261	1060	8.284449
1062	9.103129	1062	8.285676
1064	9.095314	1064	8.287358
1066	9.08687		1066	8.288575
1068	9.078658	1068	8.289385
1070	9.070679	1070	8.290871
1072	9.062928	1072	8.292385
1074	9.054857	1074	8.293376
1076	9.047164	1076	8.294149
1078	9.039318	1078	8.295388
1080	9.030983	1080	8.29718
1082	9.022992	1082	8.297923
1084	9.015819	1084	8.299183
1086	9.0087		1086	8.300194
1088	9.001722	1088	8.301119
1090	8.99377		1090	8.301808
1092	8.986615	1092	8.302416
1094	8.97944		1094	8.30339
1096	8.972534	1096	8.304786
1098	8.965608	1098	8.305755
1100	8.95899		1100	8.306637
1102	8.952627	1102	8.307766
1104	8.946053	1104	8.308529
1106	8.939311	1106	8.309411
1108	8.93265		1108	8.310255
1110	8.926043	1110	8.310867
1112	8.919805	1112	8.311533
1114	8.913771	1114	8.312327
1116	8.907539	1116	8.313053
1118	8.900953	1118	8.313884
1120	8.894902	1120	8.314415
1122	8.888942	1122	8.315486
1124	8.883325	1124	8.316457
1126	8.877496	1126	8.316764
1128	8.871437	1128	8.317515
1130	8.866262	1130	8.318558
1132	8.860965	1132	8.319276
1134	8.855455	1134	8.319298
1136	8.849849	1136	8.319655
1138	8.844788	1138	8.320525
1140	8.839825	1140	8.32138
1142	8.834625	1142	8.321806
1144	8.828829	1144	8.322358
1146	8.823372	1146	8.323115
1148	8.818916	1148	8.323556
1150	8.814022	1150	8.324236
1152	8.808582	1152	8.3248
1154	8.804037	1154	8.325207
1156	8.799672	1156	8.325564
1158	8.795193	1158	8.325788
1160	8.790523	1160	8.326484
1162	8.785822	1162	8.327158
1164	8.781697	1164	8.327945
1166	8.777424	1166	8.32878
1168	8.773228	1168	8.329099
1170	8.768553	1170	8.329613
1172	8.763935	1172	8.330017
1174	8.759822	1174	8.330331
1176	8.755885	1176	8.330481
1178	8.751847	1178	8.330898
1180	8.747879	1180	8.331699
1182	8.744081	1182	8.332243
1184	8.74043		1184	8.332692
1186	8.736625	1186	8.33311
1188	8.733261	1188	8.333236
1190	8.72982		1190	8.333658
1192	8.726235	1192	8.33395
1194	8.722339	1194	8.334733
1196	8.718763	1196	8.335065
1198	8.714817	1198	8.335548
1200	8.711836	1200	8.335832
1202	8.708971	1202	8.336598
1204	8.70571		1204	8.336769
1206	8.70239		1206	8.337021
1208	8.699041	1208	8.337363
1210	8.695977	1210	8.337612
1212	8.69245		1212	8.337655
1214	8.689474	1214	8.337583
1216	8.687028	1216	8.337726
1218	8.68413		1218	8.338164
1220	8.681093	1220	8.338937
1222	8.678143	1222	8.339466
1224	8.675394	1224	8.339734
1226	8.672659	1226	8.34005
1228	8.669991	1228	8.340155
1230	8.666377	1230	8.340787
1232	8.663501	1232	8.340715
1234	8.66059		1234	8.340938
1236	8.658225	1236	8.34103
1238	8.656361	1238	8.341236
1240	8.653486	1240	8.341714
1242	8.650536	1242	8.34217
1244	8.648198	1244	8.342205
1246	8.646058	1246	8.342199
1248	8.643152	1248	8.342488
1250	8.640876	1250	8.342423
1252	8.638358	1252	8.342621
1254	8.635845	1254	8.342914
1256	8.633813	1256	8.343395
1258	8.631909	1258	8.343288
1260	8.62955		1260	8.343522
1262	8.627464	1262	8.344087
1264	8.625814	1264	8.344386
1266	8.623486	1266	8.343986
1268	8.621097	1268	8.344196
1270	8.618713	1270	8.34402
1272	8.616798	1272	8.344206
1274	8.614592	1274	8.344154
1276	8.612871	1276	8.344061
1278	8.610905	1278	8.344383
1280	8.608783	1280	8.34502
1282	8.606799	1282	8.344871
1284	8.605198	1284	8.344596
1286	8.603608	1286	8.34522
1288	8.601742	1288	8.345712
1290	8.599588	1290	8.345809
1292	8.597907	1292	8.345672
1294	8.596243	1294	8.345506
1296	8.594303	1296	8.346119
1298	8.592343	1298	8.346141
1300	8.590619	1300	8.346271
1302	8.588471	1302	8.346446
1304	8.586724	1304	8.346504
1306	8.585206	1306	8.346942
1308	8.58418		1308	8.347145
1310	8.582481	1310	8.347519
1312	8.581096	1312	8.347677
1314	8.579866	1314	8.347731
1316	8.578275	1316	8.347962
1318	8.577006	1318	8.347716
1320	8.575536	1320	8.347823
1322	8.574158	1322	8.348178
1324	8.572389	1324	8.348089
1326	8.570933	1326	8.348561
1328	8.569786	1328	8.348724
1330	8.568189	1330	8.348922
1332	8.566528	1332	8.349089
1334	8.565824	1334	8.349375
1336	8.564375	1336	8.349592
1338	8.562776	1338	8.349679
1340	8.561744	1340	8.349962
1342	8.56093		1342	8.349725
1344	8.559816	1344	8.349639
1346	8.558695	1346	8.349569
1348	8.557136	1348	8.350109
1350	8.5558		1350	8.350449
1352	8.554265	1352	8.350317
1354	8.552605	1354	8.350589
1356	8.551143	1356	8.350693
1358	8.550062	1358	8.350868
1360	8.549192	1360	8.350887
1362	8.54852		1362	8.350631
1364	8.547365	1364	8.350855
1366	8.546109	1366	8.351131
1368	8.545432	1368	8.35166
1370	8.544182	1370	8.351489
1372	8.543091	1372	8.351461
1374	8.542007	1374	8.351778
1376	8.540753	1376	8.351567
1378	8.539986	1378	8.351608
1380	8.538979	1380	8.351877
1382	8.537483	1382	8.3526
1384	8.53619		1384	8.353005
1386	8.535743	1386	8.353081
1388	8.534863	1388	8.352625
1390	8.53403		1390	8.352545
1392	8.533409	1392	8.352787
1394	8.53232		1394	8.352676
1396	8.531495	1396	8.352903
1398	8.53046		1398	8.352826
1400	8.529819	1400	8.352805
1402	8.529177	1402	8.353563
1404	8.528146	1404	8.353632
1406	8.527083	1406	8.353592
1408	8.526093	1408	8.353654
1410	8.524592	1410	8.35385
1412	8.523201	1412	8.35392
1414	8.522213	1414	8.353957
1416	8.519563	1416	8.352497
1418	8.515414	1418	8.34882
1420	8.510653	1420	8.34297
1422	8.506425	1422	8.335743
1424	8.502762	1424	8.327653
1426	8.499549	1426	8.318757
1428	8.497383	1428	8.309791
1430	8.49651		1430	8.301505
1432	8.49604		1432	8.2935
1434	8.496555	1434	8.285753
1436	8.4974		1436	8.27852
1438	8.498987	1438	8.272003
1440	8.501057	1440	8.266068
1442	8.50333		1442	8.259835
1444	8.506407	1444	8.254205
1446	8.509888	1446	8.248617
1448	8.512758	1448	8.243943
1450	8.516805	1450	8.239468
1452	8.521638	1452	8.235084
1454	8.526873	1454	8.230443
1456	8.53158		1456	8.226199
1458	8.536515	1458	8.222055
1460	8.54217		1460	8.21861
1462	8.547762	1462	8.215135
1464	8.553348	1464	8.211011
1466	8.559342	1466	8.207464
1468	8.565905	1468	8.204381
1470	8.572742	1470	8.201532
1472	8.579214	1472	8.198613
1474	8.585801	1474	8.195526
1476	8.59249		1476	8.192751
1478	8.599985	1478	8.18996
1480	8.607408	1480	8.187417
1482	8.61431		1482	8.184393
1484	8.622171	1484	8.181663
1486	8.629927	1486	8.179472
1488	8.637282	1488	8.176797
1490	8.644901	1490	8.174195
1492	8.653061	1492	8.17188
1494	8.660505	1494	8.169765
1496	8.66823		1496	8.167137
1498	8.67654		1498	8.164844
1500	8.684716	1500	8.16248
1502	8.692728	1502	8.160435
1504	8.700451	1504	8.158338
1506	8.708338	1506	8.156011
1508	8.71587		1508	8.153745
1510	8.723598	1510	8.150925
1512	8.731242	1512	8.148527
1514	8.738532	1514	8.146317
1516	8.745584	1516	8.14444
1518	8.753014	1518	8.142303
1520	8.760266	1520	8.139707
1522	8.767858	1522	8.137822
1524	8.777869	1524	8.137891
1526	8.788409	1526	8.139805
1528	8.798375	1528	8.142211
1530	8.808248	1530	8.144417
1532	8.817365	1532	8.146825
1534	8.825127	1534	8.14928
1536	8.832034	1536	8.151691
1538	8.838931	1538	8.154133
1540	8.845537	1540	8.156495
1542	8.851757	1542	8.15875
1544	8.857449	1544	8.160797
1546	8.862597	1546	8.162865
1548	8.866475	1548	8.164991
1550	8.870125	1550	8.168
1552	8.874057	1552	8.169991
1554	8.877472	1554	8.171997
1556	8.880316	1556	8.174672
1558	8.882711	1558	8.176907
1560	8.885194	1560	8.179299
1562	8.887152	1562	8.181403
1564	8.888833	1564	8.183467
1566	8.890031	1566	8.186026
1568	8.891172	1568	8.188038
1570	8.891756	1570	8.190108
1572	8.892117	1572	8.19259
1574	8.891756	1574	8.194587
1576	8.891864	1576	8.196893
1578	8.892045	1578	8.198856
1580	8.89144		1580	8.200923
1582	8.890807	1582	8.202953
1584	8.889905	1584	8.205494
1586	8.889264	1586	8.207935
1588	8.887733	1588	8.209389
1590	8.885557	1590	8.211032
1592	8.884		1592	8.213533
1594	8.882331	1594	8.215268
1596	8.880888	1596	8.217465
1598	8.879844	1598	8.219744
1600	8.878689	1600	8.22147
1602	8.876611	1602	8.222835
1604	8.874394	1604	8.224856
1606	8.871719	1606	8.226512
1608	8.869797	1608	8.227855
1610	8.867118	1610	8.229471
1612	8.864354	1612	8.23185
1614	8.861495	1614	8.233016
1616	8.858755	1616	8.234374
1618	8.855652	1618	8.236355
1620	8.852722	1620	8.238224
1622	8.850355	1622	8.240374
1624	8.847771	1624	8.24202
1626	8.844584	1626	8.243388
1628	8.841319	1628	8.245085
1630	8.837976	1630	8.24663
1632	8.83481		1632	8.248134
1634	8.83157		1634	8.250105
1636	8.828223	1636	8.251934
1638	8.825456	1638	8.252978
1640	8.822443	1640	8.25394
1642	8.81931		1642	8.255438
1644	8.816087	1644	8.256019
1646	8.813328	1646	8.25714
1648	8.809729	1648	8.258366
1650	8.806199	1650	8.259962
1652	8.803082	1652	8.261464
1654	8.799373	1654	8.262891
1656	8.795707	1656	8.263888
1658	8.792444	1658	8.264765
1660	8.789201	1660	8.266149
1662	8.786193	1662	8.26757
1664	8.782937	1664	8.268815
1666	8.779565	1666	8.269924
1668	8.776237	1668	8.271072
1670	8.772848	1670	8.272307
1672	8.769627	1672	8.273349
1674	8.766302	1674	8.274641
1676	8.762256	1676	8.275426
1678	8.759052	1678	8.276155
1680	8.756484	1680	8.276963
1682	8.753789	1682	8.277967
1684	8.750302	1684	8.278662
1686	8.747059	1686	8.279953
1688	8.744307	1688	8.280564
1690	8.741108	1690	8.281148
1692	8.737996	1692	8.282083
1694	8.734634	1694	8.282897
1696	8.732206	1696	8.283595
1698	8.729074	1698	8.284159
1700	8.725568	1700	8.284762
1702	8.722468	1702	8.285342
1704	8.719585	1704	8.286262
1706	8.716695	1706	8.287249
1708	8.713786	1708	8.28827
1710	8.71072		1710	8.289182
1712	8.707596	1712	8.289737
1714	8.704313	1714	8.29093
1716	8.701562	1716	8.291738
1718	8.69847		1718	8.292263
1720	8.695856	1720	8.292824
1722	8.693346	1722	8.292949
1724	8.690873	1724	8.293642
1726	8.688358	1726	8.294259
1728	8.685776	1728	8.294994
1730	8.682899	1730	8.295965
1732	8.679686	1732	8.29655
1734	8.677303	1734	8.297243
1736	8.674514	1736	8.297337
1738	8.671883	1738	8.298169
1740	8.669576	1740	8.298975
1742	8.667028	1742	8.299601
1744	8.66451		1744	8.299924
1746	8.662468	1746	8.300486
1748	8.659897	1748	8.301075
1750	8.657332	1750	8.301533
1752	8.654226	1752	8.301963
1754	8.651839	1754	8.302662
1756	8.649479	1756	8.303322
1758	8.64702		1758	8.303482
1760	8.644363	1760	8.304196
1762	8.642291	1762	8.30479
1764	8.640561	1764	8.305404
1766	8.637884	1766	8.30543
1768	8.635411	1768	8.305439
1770	8.633184	1770	8.305974
1772	8.631699	1772	8.306494
1774	8.629877	1774	8.307299
1776	8.627367	1776	8.308219
1778	8.625443	1778	8.308391
1780	8.623768	1780	8.308696
1782	8.620897	1782	8.308804
1784	8.618711	1784	8.309212
1786	8.617139	1786	8.309812
1788	8.614719	1788	8.310143
1790	8.612085	1790	8.31042
1792	8.609993	1792	8.311115
1794	8.608528	1794	8.312221
1796	8.60709		1796	8.311811
1798	8.605036	1798	8.31202
1800	8.60292		1800	8.312498
1802	8.600889	1802	8.312389
1804	8.598994	1804	8.312605
1806	8.59722		1806	8.312984
1808	8.595764	1808	8.313953
1810	8.594176	1810	8.314346
1812	8.592084	1812	8.314283
1814	8.589703	1814	8.31464
1816	8.588045	1816	8.315006
1818	8.586732	1818	8.315391
1820	8.58491		1820	8.315811
1822	8.583228	1822	8.316114
1824	8.581613	1824	8.316546
1826	8.580001	1826	8.316453
1828	8.578265	1828	8.317218
1830	8.57682		1830	8.317655
1832	8.575592	1832	8.318248
1834	8.574388	1834	8.318854
1836	8.572656	1836	8.319133
1838	8.571145	1838	8.31892
1840	8.569441	1840	8.318674
1842	8.567817	1842	8.319125
1844	8.566748	1844	8.319551
1846	8.564875	1846	8.319756
1848	8.563188	1848	8.320052
1850	8.562033	1850	8.319991
1852	8.560607	1852	8.320288
1854	8.5591		1854	8.320401
1856	8.558074	1856	8.320698
1858	8.557266	1858	8.32112
1860	8.555588	1860	8.32171
1862	8.553963	1862	8.321568
1864	8.55304		1864	8.321528
1866	8.55131		1866	8.321928
1868	8.550004	1868	8.322225
1870	8.549318	1870	8.322661
1872	8.547664	1872	8.322817
1874	8.545589	1874	8.323401
1876	8.544235	1876	8.323844
1878	8.543396	1878	8.324031
1880	8.541919	1880	8.324389
1882	8.540843	1882	8.324536
1884	8.539418	1884	8.32495
1886	8.538399	1886	8.325327
1888	8.537063	1888	8.325515
1890	8.535693	1890	8.325371
1892	8.535069	1892	8.325202
1894	8.533982	1894	8.325154
1896	8.532822	1896	8.325366
1898	8.531644	1898	8.325656
1900	8.53119		1900	8.326182
1902	8.529945	1902	8.325954
1904	8.529313	1904	8.325875
1906	8.528207	1906	8.326365
1908	8.527457	1908	8.326738
1910	8.526049	1910	8.327537
1912	8.524709	1912	8.327353
1914	8.523853	1914	8.327326
1916	8.522867	1916	8.327179
1918	8.521288	1918	8.327324
1920	8.520167	1920	8.327981
1922	8.518731	1922	8.328197
1924	8.517897	1924	8.328235
1926	8.516869	1926	8.328625
1928	8.515846	1928	8.328851
1930	8.51513		1930	8.328898
1932	8.514305	1932	8.329056
1934	8.51335		1934	8.328608
1936	8.512581	1936	8.328591
1938	8.512292	1938	8.328979
1940	8.511849	1940	8.329537
1942	8.510948	1942	8.329664
1944	8.510336	1944	8.329573
1946	8.509169	1946	8.329282
1948	8.508003	1948	8.329559
1950	8.506872	1950	8.330321
1952	8.506686	1952	8.330939
1954	8.506285	1954	8.330964
1956	8.505671	1956	8.330746
1958	8.504824	1958	8.330905
1960	8.503627	1960	8.331041
1962	8.502849	1962	8.331073
1964	8.501804	1964	8.331155
1966	8.500686	1966	8.331834
1968	8.499921	1968	8.332105
1970	8.499223	1970	8.332442
1972	8.49879		1972	8.332493
1974	8.497763	1974	8.332708
1976	8.497249	1976	8.332551
1978	8.496055	1978	8.332383
1980	8.495403	1980	8.332437
1982	8.495046	1982	8.332622
1984	8.494363	1984	8.333015
1986	8.493443	1986	8.333054
1988	8.492821	1988	8.333292
1990	8.492214	1990	8.333314
1992	8.491832	1992	8.333233
1994	8.491289	1994	8.333356
1996	8.490298	1996	8.33331
1998	8.490236	1998	8.333908
2000	8.489599	2000	8.334417
2002	8.489241	2002	8.334329
2004	8.488631	2004	8.334162
2006	8.488261	2006	8.334297
2008	8.486905	2008	8.334391
2010	8.486564	2010	8.334427
2012	8.486264	2012	8.334815
2014	8.485277	2014	8.33514
2016	8.484614	2016	8.335167
2018	8.483955	2018	8.33487
2020	8.483667	2020	8.334892
2022	8.483508	2022	8.335329
2024	8.482911	2024	8.335557
2026	8.482362	2026	8.335916
2028	8.482064	2028	8.336091
2030	8.481538	2030	8.336333
2032	8.481238	2032	8.336431
2034	8.480808	2034	8.336265
2036	8.479773	2036	8.335988
2038	8.479017	2038	8.335916
2040	8.478053	2040	8.336475
2042	8.477679	2042	8.336844
2044	8.477033	2044	8.337235
2046	8.476623	2046	8.336897
2048	8.476318	2048	8.336957
2050	8.47592		2050	8.33713
2052	8.475662	2052	8.337245
2054	8.47531		2054	8.337602
2056	8.474647	2056	8.338155
2058	8.473912	2058	8.337835
2060	8.473345	2060	8.337704
2062	8.472859	2062	8.337952
2064	8.472405	2064	8.338153
2066	8.471688	2066	8.339017
2068	8.471215	2068	8.339181
2070	8.470617	2070	8.339331
2072	8.469913	2072	8.339394
2074	8.46989		2074	8.339469
2076	8.470151	2076	8.339665
2078	8.469692	2078	8.339965
2080	8.469415	2080	8.340015
2082	8.468983	2082	8.339677
2084	8.46853		2084	8.340222
2086	8.467826	2086	8.340119
2088	8.467585	2088	8.3398
2090	8.467175	2090	8.339697
2092	8.466711	2092	8.340123
2094	8.466193	2094	8.340668
2096	8.465805	2096	8.340334
2098	8.465407	2098	8.340598
2100	8.464882	2100	8.340871
2102	8.464844	2102	8.340911
2104	8.464802	2104	8.340883
2106	8.464189	2106	8.341501
2108	8.464249	2108	8.341569
2110	8.464015	2110	8.3416
2112	8.463321	2112	8.341764
2114	8.462929	2114	8.341873
2116	8.462766	2116	8.342188
2118	8.462351	2118	8.341879
2120	8.462022	2120	8.341416
2122	8.461864	2122	8.341716
2124	8.462153	2124	8.342111
2126	8.461511	2126	8.342629
2128	8.460924	2128	8.34244
2130	8.460559	2130	8.342921
2132	8.460362	2132	8.342596
2134	8.459756	2134	8.342607
2136	8.459693	2136	8.342815
2138	8.459402	2138	8.34289
2140	8.45951		2140	8.343354
2142	8.45873		2142	8.34399
2144	8.459061	2144	8.343916
2146	8.458244	2146	8.343745
2148	8.457799	2148	8.344283
2150	8.457159	2150	8.344357
2152	8.456981	2152	8.344604
2154	8.456562	2154	8.344873
2156	8.45593		2156	8.34461
2158	8.456139	2158	8.344808
2160	8.456535	2160	8.344707
2162	8.456506	2162	8.344837
2164	8.455898	2164	8.345036
2166	8.455905	2166	8.345315
2168	8.455535	2168	8.345169
2170	8.454896	2170	8.345466
2172	8.454354	2172	8.345784
2174	8.454026	2174	8.345896
2176	8.453505	2176	8.345617
2178	8.453465	2178	8.34578
2180	8.453575	2180	8.345763
2182	8.454022	2182	8.345537
2184	8.453732	2184	8.345897
2186	8.453374	2186	8.346269
2188	8.453478	2188	8.346659
2190	8.453034	2190	8.346727
2192	8.452455	2192	8.346798
2194	8.452155	2194	8.346887
2196	8.452206	2196	8.346778
2198	8.452093	2198	8.347119
2200	8.452025	2200	8.347037
2202	8.451668	2202	8.347132
2204	8.451634	2204	8.346982
2206	8.451815	2206	8.347201
2208	8.451636	2208	8.347469
2210	8.450962	2210	8.348065
2212	8.450433	2212	8.34876
2214	8.450609	2214	8.348614
2216	8.450929	2216	8.348276
2218	8.450726	2218	8.348382
2220	8.450006	2220	8.348429
2222	8.4496		2222	8.348507
2224	8.449342	2224	8.348792
2226	8.449438	2226	8.348446
2228	8.449239	2228	8.348307
2230	8.449207	2230	8.348537
2232	8.449129	2232	8.349054
2234	8.448563	2234	8.34956
2236	8.448444	2236	8.349683
2238	8.448946	2238	8.349575
2240	8.448801	2240	8.350228
2242	8.448122	2242	8.350145
2244	8.447764	2244	8.349825
2246	8.447524	2246	8.349729
2248	8.447313	2248	8.350101
2250	8.447248	2250	8.350182
2252	8.447484	2252	8.350334
2254	8.447237	2254	8.349962
2256	8.447235	2256	8.349738
2258	8.447171	2258	8.349891
2260	8.446402	2260	8.350623
2262	8.445972	2262	8.350956
2264	8.445559	2264	8.351295
2266	8.445564	2266	8.351308
2268	8.445979	2268	8.351132
2270	8.446265	2270	8.35089
2272	8.446088	2272	8.3509
2274	8.445344	2274	8.351305
2276	8.445057	2276	8.351536
2278	8.444905	2278	8.351217
2280	8.445103	2280	8.351167
2282	8.444496	2282	8.35155
2284	8.444131	2284	8.351445
2286	8.444411	2286	8.35168
2288	8.444426	2288	8.351844
2290	8.445018	2290	8.352006
2292	8.444848	2292	8.35231
2294	8.444514	2294	8.352723
2296	8.444428	2296	8.352828
2298	8.44441		2298	8.352848
2300	8.444079	2300	8.352885
2302	8.443357	2302	8.353105
2304	8.443078	2304	8.353178
2306	8.443264	2306	8.353328
2308	8.443258	2308	8.353313
2310	8.442632	2310	8.353252
2312	8.442828	2312	8.353366
2314	8.44259		2314	8.353771
2316	8.441838	2316	8.354157
2318	8.442127	2318	8.354499
2320	8.442613	2320	8.354528
2322	8.442706	2322	8.35482
2324	8.44231		2324	8.354447
2326	8.441868	2326	8.353996
2328	8.442334	2328	8.354313
2330	8.442122	2330	8.354668
2332	8.441634	2332	8.354446
2334	8.440979	2334	8.3546
2336	8.440855	2336	8.354952
2338	8.440815	2338	8.35501
2340	8.440499	2340	8.355769
2342	8.440301	2342	8.355752
2344	8.440211	2344	8.355601
2346	8.440637	2346	8.355614
2348	8.441004	2348	8.355708
2350	8.440946	2350	8.355828
2352	8.441755	2352	8.356246
2354	8.441485	2354	8.356574
2356	8.440983	2356	8.355805
2358	8.440887	2358	8.356127
2360	8.440391	2360	8.356747
2362	8.43992		2362	8.357101
2364	8.439869	2364	8.356802
2366	8.439723	2366	8.357091
2368	8.43956		2368	8.356897
2370	8.439412	2370	8.357391
2372	8.439289	2372	8.357468
2374	8.438915	2374	8.356958
2376	8.438728	2376	8.357074
2378	8.438766	2378	8.357087
2380	8.439059	2380	8.357558
2382	8.439021	2382	8.357506
2384	8.439035	2384	8.357212
2386	8.438966	2386	8.357462
2388	8.439143	2388	8.35771
2390	8.438926	2390	8.357717
2392	8.43845		2392	8.357422
2394	8.438384	2394	8.357275
2396	8.43822		2396	8.357126
2398	8.438203	2398	8.357596
2400	8.437531	2400	8.357996
2402	8.437825	2402	8.358273
2404	8.438243	2404	8.358535
2406	8.43857		2406	8.358312
2408	8.438724	2408	8.358494
2410	8.438148	2410	8.35843
